date,cases,country,var,year,month,day,_days,datetime,concentration
Feb 15,3,italy,cases,2020,2,15,0,2020-02-15,4.973677145287045e-08
Feb 16,3,italy,cases,2020,2,16,1,2020-02-16,4.973677145287045e-08
Feb 17,3,italy,cases,2020,2,17,2,2020-02-17,4.973677145287045e-08
Feb 18,3,italy,cases,2020,2,18,3,2020-02-18,4.973677145287045e-08
Feb 19,3,italy,cases,2020,2,19,4,2020-02-19,4.973677145287045e-08
Feb 20,4,italy,cases,2020,2,20,5,2020-02-20,6.631569527049393e-08
Feb 21,21,italy,cases,2020,2,21,6,2020-02-21,3.481574001700931e-07
Feb 22,79,italy,cases,2020,2,22,7,2020-02-22,1.309734981592255e-06
Feb 23,157,italy,cases,2020,2,23,8,2020-02-23,2.6028910393668867e-06
Feb 24,229,italy,cases,2020,2,24,9,2020-02-24,3.7965735542357773e-06
Feb 25,323,italy,cases,2020,2,25,10,2020-02-25,5.354992393092384e-06
Feb 26,470,italy,cases,2020,2,26,11,2020-02-26,7.792094194283037e-06
Feb 27,655,italy,cases,2020,2,27,12,2020-02-27,1.085919510054338e-05
Feb 28,889,italy,cases,2020,2,28,13,2020-02-28,1.4738663273867275e-05
Feb 29,1128,italy,cases,2020,2,29,14,2020-02-29,1.870102606627929e-05
Mar 01,1701,italy,cases,2020,3,1,15,2020-03-01,2.8200749413777543e-05
Mar 02,2036,italy,cases,2020,3,2,16,2020-03-02,3.375468889268141e-05
Mar 03,2502,italy,cases,2020,3,3,17,2020-03-03,4.1480467391693954e-05
Mar 04,3089,italy,cases,2020,3,4,18,2020-03-04,5.121229567263894e-05
Mar 05,3858,italy,cases,2020,3,5,19,2020-03-05,6.396148808839139e-05
Mar 06,4636,italy,cases,2020,3,6,20,2020-03-06,7.685989081850246e-05
Mar 07,5883,italy,cases,2020,3,7,21,2020-03-07,9.753380881907895e-05
Mar 08,7375,italy,cases,2020,3,8,22,2020-03-08,0.0001222695631549732
Mar 09,9172,italy,cases,2020,3,9,23,2020-03-09,0.00015206188925524257
Mar 10,10149,italy,cases,2020,3,10,24,2020-03-10,0.00016825949782506072
Mar 11,12462,italy,cases,2020,3,11,25,2020-03-11,0.00020660654861522383
Mar 12,15113,italy,cases,2020,3,12,26,2020-03-12,0.00025055727565574367
Mar 13,17660,italy,cases,2020,3,13,27,2020-03-13,0.0002927837946192307
Mar 14,21157,italy,cases,2020,3,14,28,2020-03-14,0.00035076029120946
Mar 15,24747,italy,cases,2020,3,15,29,2020-03-15,0.0004102786277147283
Mar 16,27980,italy,cases,2020,3,16,30,2020-03-16,0.000463878288417105
Mar 17,31506,italy,cases,2020,3,17,31,2020-03-17,0.0005223355737980454
Mar 18,35713,italy,cases,2020,3,18,32,2020-03-18,0.0005920831062987875
Mar 19,41035,italy,cases,2020,3,19,33,2020-03-19,0.0006803161388561796
Mar 20,47021,italy,cases,2020,3,20,34,2020-03-20,0.0007795575768284737
Mar 21,53578,italy,cases,2020,3,21,35,2020-03-21,0.000888265580300631
Mar 22,59138,italy,cases,2020,3,22,36,2020-03-22,0.0009804443967266175
Mar 23,63927,italy,cases,2020,3,23,37,2020-03-23,0.0010598408628892163
Mar 24,69176,italy,cases,2020,3,24,38,2020-03-24,0.001146863634007922
Mar 25,74386,italy,cases,2020,3,25,39,2020-03-25,0.0012332398270977402
Mar 26,80589,italy,cases,2020,3,26,40,2020-03-26,0.0013360788915384588
Mar 27,86498,italy,cases,2020,3,27,41,2020-03-27,0.001434043752376796
Mar 28,92472,italy,cases,2020,3,28,42,2020-03-28,0.0015330862432632786
Mar 29,97689,italy,cases,2020,3,29,43,2020-03-29,0.0016195784888198203
Mar 30,101739,italy,cases,2020,3,30,44,2020-03-30,0.0016867231302811956
Mar 31,105792,italy,cases,2020,3,31,45,2020-03-31,0.0017539175085140234
Apr 01,110574,italy,cases,2020,4,1,46,2020-04-01,0.001833197922209899
Apr 02,115242,italy,cases,2020,4,2,47,2020-04-02,0.0019105883385905653
Apr 03,119827,italy,cases,2020,4,3,48,2020-04-03,0.001986602704294369
Apr 04,124632,italy,cases,2020,4,4,49,2020-04-04,0.00206626443323805
Apr 05,128948,italy,cases,2020,4,5,50,2020-04-05,0.0021378190684349127
Apr 06,132547,italy,cases,2020,4,6,51,2020-04-06,0.00219748661525454
Apr 07,135586,italy,cases,2020,4,7,52,2020-04-07,0.0022478699647362974
Apr 08,139422,italy,cases,2020,4,8,53,2020-04-08,0.002311466716500701
Apr 09,143626,italy,cases,2020,4,9,54,2020-04-09,0.00238116451222999
Apr 10,147577,italy,cases,2020,4,10,55,2020-04-10,0.0024466678402334206
Apr 11,152271,italy,cases,2020,4,11,56,2020-04-11,0.0025244893086333454
Apr 12,156363,italy,cases,2020,4,12,57,2020-04-12,0.0025923302648950606
Apr 13,159516,italy,cases,2020,4,13,58,2020-04-13,0.0026446036116920275
Apr 14,162488,italy,cases,2020,4,14,59,2020-04-14,0.0026938761732780044
Apr 15,165155,italy,cases,2020,4,15,60,2020-04-15,0.002738092163099606
Apr 16,168941,italy,cases,2020,4,16,61,2020-04-16,0.002800859968673129
Apr 17,172434,italy,cases,2020,4,17,62,2020-04-17,0.0028587701495680876
Apr 18,175925,italy,cases,2020,4,18,63,2020-04-18,0.002916647172615411
Apr 19,178972,italy,cases,2020,4,19,64,2020-04-19,0.00296716315348771
Apr 20,181228,italy,cases,2020,4,20,65,2020-04-20,0.0030045652056202685
Apr 21,183957,italy,cases,2020,4,21,66,2020-04-21,0.003049809088718563
Apr 22,187327,italy,cases,2020,4,22,67,2020-04-22,0.003105680061983954
Apr 23,189973,italy,cases,2020,4,23,68,2020-04-23,0.0031495478944053856
Apr 24,192994,italy,cases,2020,4,24,69,2020-04-24,0.0031996328232584263
Apr 25,195351,italy,cases,2020,4,25,70,2020-04-25,0.003238709346696565
Apr 26,197675,italy,cases,2020,4,26,71,2020-04-26,0.003277238765648722
Apr 27,199414,italy,cases,2020,4,27,72,2020-04-27,0.0033060695141675692
Apr 28,201505,italy,cases,2020,4,28,73,2020-04-28,0.00334073604387022
Apr 29,203591,italy,cases,2020,4,29,74,2020-04-29,0.0033753196789537824
Apr 30,205463,italy,cases,2020,4,30,75,2020-04-30,0.0034063554243403734
May 01,207428,italy,cases,2020,5,1,76,2020-05-01,0.0034389330096420037
May 02,209328,italy,cases,2020,5,2,77,2020-05-02,0.0034704329648954885
May 03,210717,italy,cases,2020,5,3,78,2020-05-03,0.0034934610900781674
May 04,211938,italy,cases,2020,5,4,79,2020-05-04,0.0035137039560594855
May 05,213013,italy,cases,2020,5,5,80,2020-05-05,0.0035315262991634307
May 06,214457,italy,cases,2020,5,6,81,2020-05-06,0.003555466265156079
May 07,215858,italy,cases,2020,5,7,82,2020-05-07,0.0035786933374245696
May 08,217185,italy,cases,2020,5,8,83,2020-05-08,0.003600693569330556
May 09,218268,italy,cases,2020,5,9,84,2020-05-09,0.003618648543825042
May 10,219070,italy,cases,2020,5,10,85,2020-05-10,0.003631944840726776
May 11,219814,italy,cases,2020,5,11,86,2020-05-11,0.003644279560047088
Feb 15,0,italy,deaths,2020,2,15,87,2020-02-15,0.0
Feb 16,0,italy,deaths,2020,2,16,88,2020-02-16,0.0
Feb 17,0,italy,deaths,2020,2,17,89,2020-02-17,0.0
Feb 18,0,italy,deaths,2020,2,18,90,2020-02-18,0.0
Feb 19,0,italy,deaths,2020,2,19,91,2020-02-19,0.0
Feb 20,0,italy,deaths,2020,2,20,92,2020-02-20,0.0
Feb 21,1,italy,deaths,2020,2,21,93,2020-02-21,1.657892381762348e-08
Feb 22,2,italy,deaths,2020,2,22,94,2020-02-22,3.315784763524696e-08
Feb 23,3,italy,deaths,2020,2,23,95,2020-02-23,4.973677145287045e-08
Feb 24,7,italy,deaths,2020,2,24,96,2020-02-24,1.1605246672336437e-07
Feb 25,11,italy,deaths,2020,2,25,97,2020-02-25,1.823681619938583e-07
Feb 26,12,italy,deaths,2020,2,26,98,2020-02-26,1.989470858114818e-07
Feb 27,17,italy,deaths,2020,2,27,99,2020-02-27,2.818417048995992e-07
Feb 28,21,italy,deaths,2020,2,28,100,2020-02-28,3.481574001700931e-07
Feb 29,29,italy,deaths,2020,2,29,101,2020-02-29,4.80788790711081e-07
Mar 01,41,italy,deaths,2020,3,1,102,2020-03-01,6.797358765225627e-07
Mar 02,52,italy,deaths,2020,3,2,103,2020-03-02,8.621040385164211e-07
Mar 03,79,italy,deaths,2020,3,3,104,2020-03-03,1.309734981592255e-06
Mar 04,107,italy,deaths,2020,3,4,105,2020-03-04,1.7739448484857125e-06
Mar 05,148,italy,deaths,2020,3,5,106,2020-03-05,2.4536807250082753e-06
Mar 06,197,italy,deaths,2020,3,6,107,2020-03-06,3.266047992071826e-06
Mar 07,233,italy,deaths,2020,3,7,108,2020-03-07,3.862889249506272e-06
Mar 08,366,italy,deaths,2020,3,8,109,2020-03-08,6.067886117250194e-06
Mar 09,463,italy,deaths,2020,3,9,110,2020-03-09,7.676041727559673e-06
Mar 10,631,italy,deaths,2020,3,10,111,2020-03-10,1.0461300928920417e-05
Mar 11,827,italy,deaths,2020,3,11,112,2020-03-11,1.371076999717462e-05
Mar 12,1016,italy,deaths,2020,3,12,113,2020-03-12,1.6844186598705458e-05
Mar 13,1266,italy,deaths,2020,3,13,114,2020-03-13,2.098891755311133e-05
Mar 14,1441,italy,deaths,2020,3,14,115,2020-03-14,2.3890229221195437e-05
Mar 15,1809,italy,deaths,2020,3,15,116,2020-03-15,2.999127318608088e-05
Mar 16,2158,italy,deaths,2020,3,16,117,2020-03-16,3.5777317598431475e-05
Mar 17,2503,italy,deaths,2020,3,17,118,2020-03-17,4.149704631551158e-05
Mar 18,2978,italy,deaths,2020,3,18,119,2020-03-18,4.937203512888273e-05
Mar 19,3405,italy,deaths,2020,3,19,120,2020-03-19,5.645123559900796e-05
Mar 20,4032,italy,deaths,2020,3,20,121,2020-03-20,6.684622083265788e-05
Mar 21,4825,italy,deaths,2020,3,21,122,2020-03-21,7.99933074200333e-05
Mar 22,5476,italy,deaths,2020,3,22,123,2020-03-22,9.078618682530618e-05
Mar 23,6077,italy,deaths,2020,3,23,124,2020-03-23,0.0001007501200396979
Mar 24,6820,italy,deaths,2020,3,24,125,2020-03-24,0.00011306826043619215
Mar 25,7503,italy,deaths,2020,3,25,126,2020-03-25,0.000124391665403629
Mar 26,8215,italy,deaths,2020,3,26,127,2020-03-26,0.0001361958591617769
Mar 27,9134,italy,deaths,2020,3,27,128,2020-03-27,0.00015143189015017289
Mar 28,10023,italy,deaths,2020,3,28,129,2020-03-28,0.00016617055342404017
Mar 29,10779,italy,deaths,2020,3,29,130,2020-03-29,0.00017870421983016353
Mar 30,11591,italy,deaths,2020,3,30,131,2020-03-30,0.00019216630597007378
Mar 31,12428,italy,deaths,2020,3,31,132,2020-03-31,0.00020604286520542464
Apr 01,13155,italy,deaths,2020,4,1,133,2020-04-01,0.0002180957428208369
Apr 02,13915,italy,deaths,2020,4,2,134,2020-04-02,0.00023069572492223075
Apr 03,14681,italy,deaths,2020,4,3,135,2020-04-03,0.00024339518056653035
Apr 04,15362,italy,deaths,2020,4,4,136,2020-04-04,0.0002546854276863319
Apr 05,15887,italy,deaths,2020,4,5,137,2020-04-05,0.00026338936269058427
Apr 06,16523,italy,deaths,2020,4,6,138,2020-04-06,0.0002739335582385928
Apr 07,17127,italy,deaths,2020,4,7,139,2020-04-07,0.0002839472282244374
Apr 08,17669,italy,deaths,2020,4,8,140,2020-04-08,0.0002929330049335893
Apr 09,18279,italy,deaths,2020,4,9,141,2020-04-09,0.00030304614846233966
Apr 10,18849,italy,deaths,2020,4,10,142,2020-04-10,0.00031249613503838504
Apr 11,19468,italy,deaths,2020,4,11,143,2020-04-11,0.00032275848888149396
Apr 12,19899,italy,deaths,2020,4,12,144,2020-04-12,0.00032990400504688967
Apr 13,20465,italy,deaths,2020,4,13,145,2020-04-13,0.00033928767592766455
Apr 14,21067,italy,deaths,2020,4,14,146,2020-04-14,0.0003492681880658739
Apr 15,21645,italy,deaths,2020,4,15,147,2020-04-15,0.00035885080603246025
Apr 16,22170,italy,deaths,2020,4,16,148,2020-04-16,0.0003675547410367126
Apr 17,22745,italy,deaths,2020,4,17,149,2020-04-17,0.0003770876222318461
Apr 18,23227,italy,deaths,2020,4,18,150,2020-04-18,0.0003850786635119406
Apr 19,23660,italy,deaths,2020,4,19,151,2020-04-19,0.0003922573375249716
Apr 20,24114,italy,deaths,2020,4,20,152,2020-04-20,0.0003997841689381727
Apr 21,24648,italy,deaths,2020,4,21,153,2020-04-21,0.00040863731425678357
Apr 22,25085,italy,deaths,2020,4,22,154,2020-04-22,0.00041588230396508505
Apr 23,25549,italy,deaths,2020,4,23,155,2020-04-23,0.00042357492461646235
Apr 24,25969,italy,deaths,2020,4,24,156,2020-04-24,0.00043053807261986423
Apr 25,26384,italy,deaths,2020,4,25,157,2020-04-25,0.00043741832600417794
Apr 26,26644,italy,deaths,2020,4,26,158,2020-04-26,0.0004417288461967601
Apr 27,26977,italy,deaths,2020,4,27,159,2020-04-27,0.0004472496278280287
Apr 28,27359,italy,deaths,2020,4,28,160,2020-04-28,0.00045358277672636086
Apr 29,27682,italy,deaths,2020,4,29,161,2020-04-29,0.0004589377691194532
Apr 30,27967,italy,deaths,2020,4,30,162,2020-04-30,0.0004636627624074759
May 01,28236,italy,deaths,2020,5,1,163,2020-05-01,0.00046812249291441666
May 02,28710,italy,deaths,2020,5,2,164,2020-05-02,0.0004759809028039702
May 03,28884,italy,deaths,2020,5,3,165,2020-05-03,0.0004788656355482367
May 04,29079,italy,deaths,2020,5,4,166,2020-05-04,0.00048209852569267323
May 05,29315,italy,deaths,2020,5,5,167,2020-05-05,0.0004860111517136324
May 06,29684,italy,deaths,2020,5,6,168,2020-05-06,0.0004921287746023355
May 07,29958,italy,deaths,2020,5,7,169,2020-05-07,0.0004966713997283643
May 08,30201,italy,deaths,2020,5,8,170,2020-05-08,0.0005007000782160468
May 09,30395,italy,deaths,2020,5,9,171,2020-05-09,0.0005039163894366657
May 10,30560,italy,deaths,2020,5,10,172,2020-05-10,0.0005066519118665736
May 11,30739,italy,deaths,2020,5,11,173,2020-05-11,0.0005096195392299282
Feb 15,15,us,cases,2020,2,15,174,2020-02-15,4.569833596790841e-08
Feb 16,15,us,cases,2020,2,16,175,2020-02-16,4.569833596790841e-08
Feb 17,15,us,cases,2020,2,17,176,2020-02-17,4.569833596790841e-08
Feb 18,15,us,cases,2020,2,18,177,2020-02-18,4.569833596790841e-08
Feb 19,15,us,cases,2020,2,19,178,2020-02-19,4.569833596790841e-08
Feb 20,15,us,cases,2020,2,20,179,2020-02-20,4.569833596790841e-08
Feb 21,35,us,cases,2020,2,21,180,2020-02-21,1.0662945059178629e-07
Feb 22,35,us,cases,2020,2,22,181,2020-02-22,1.0662945059178629e-07
Feb 23,35,us,cases,2020,2,23,182,2020-02-23,1.0662945059178629e-07
Feb 24,53,us,cases,2020,2,24,183,2020-02-24,1.6146745375327638e-07
Feb 25,57,us,cases,2020,2,25,184,2020-02-25,1.7365367667805196e-07
Feb 26,60,us,cases,2020,2,26,185,2020-02-26,1.8279334387163363e-07
Feb 27,60,us,cases,2020,2,27,186,2020-02-27,1.8279334387163363e-07
Feb 28,63,us,cases,2020,2,28,187,2020-02-28,1.9193301106521533e-07
Feb 29,68,us,cases,2020,2,29,188,2020-02-29,2.0716578972118478e-07
Mar 01,75,us,cases,2020,3,1,189,2020-03-01,2.2849167983954206e-07
Mar 02,100,us,cases,2020,3,2,190,2020-03-02,3.046555731193894e-07
Mar 03,124,us,cases,2020,3,3,191,2020-03-03,3.7777291066804286e-07
Mar 04,158,us,cases,2020,3,4,192,2020-03-04,4.813558055286352e-07
Mar 05,221,us,cases,2020,3,5,193,2020-03-05,6.732888165938506e-07
Mar 06,319,us,cases,2020,3,6,194,2020-03-06,9.718512782508522e-07
Mar 07,435,us,cases,2020,3,7,195,2020-03-07,1.3252517430693438e-06
Mar 08,541,us,cases,2020,3,8,196,2020-03-08,1.6481866505758967e-06
Mar 09,704,us,cases,2020,3,9,197,2020-03-09,2.1447752347605013e-06
Mar 10,994,us,cases,2020,3,10,198,2020-03-10,3.0282763968067305e-06
Mar 11,1301,us,cases,2020,3,11,199,2020-03-11,3.963569006283256e-06
Mar 12,1630,us,cases,2020,3,12,200,2020-03-12,4.965885841846047e-06
Mar 13,2183,us,cases,2020,3,13,201,2020-03-13,6.65063116119627e-06
Mar 14,2771,us,cases,2020,3,14,202,2020-03-14,8.442005931138281e-06
Mar 15,3617,us,cases,2020,3,15,203,2020-03-15,1.1019392079728314e-05
Mar 16,4604,us,cases,2020,3,16,204,2020-03-16,1.4026342586416688e-05
Mar 17,6357,us,cases,2020,3,17,205,2020-03-17,1.9366954783199586e-05
Mar 18,9317,us,cases,2020,3,18,206,2020-03-18,2.838475974753351e-05
Mar 19,13898,us,cases,2020,3,19,207,2020-03-19,4.234103155213274e-05
Mar 20,19551,us,cases,2020,3,20,208,2020-03-20,5.956321110057182e-05
Mar 21,24418,us,cases,2020,3,21,209,2020-03-21,7.43907978442925e-05
Mar 22,33840,us,cases,2020,3,22,210,2020-03-22,0.00010309544594360137
Mar 23,44189,us,cases,2020,3,23,211,2020-03-23,0.00013462425120572697
Mar 24,55398,us,cases,2020,3,24,212,2020-03-24,0.00016877309439667935
Mar 25,68905,us,cases,2020,3,25,213,2020-03-25,0.00020992292265791527
Mar 26,86379,us,cases,2020,3,26,214,2020-03-26,0.00026315843750479735
Mar 27,105217,us,cases,2020,3,27,215,2020-03-27,0.00032054945436902797
Mar 28,124788,us,cases,2020,3,28,216,2020-03-28,0.0003801735965842236
Mar 29,144980,us,cases,2020,3,29,217,2020-03-29,0.00044168964990849073
Mar 30,168177,us,cases,2020,3,30,218,2020-03-30,0.0005123606032049955
Mar 31,193353,us,cases,2020,3,31,219,2020-03-31,0.000589060690293533
Apr 01,220295,us,cases,2020,4,1,220,2020-04-01,0.0006711409948033589
Apr 02,250708,us,cases,2020,4,2,221,2020-04-02,0.0007637958942561588
Apr 03,283477,us,cases,2020,4,3,222,2020-04-03,0.0008636284790116515
Apr 04,317994,us,cases,2020,4,4,223,2020-04-04,0.0009687864431852712
Apr 05,343747,us,cases,2020,4,5,224,2020-04-05,0.0010472443929307074
Apr 06,375348,us,cases,2020,4,6,225,2020-04-06,0.0011435186005921657
Apr 07,409225,us,cases,2020,4,7,226,2020-04-07,0.0012467267690978213
Apr 08,441569,us,cases,2020,4,8,227,2020-04-08,0.0013452645676675565
Apr 09,475515,us,cases,2020,4,9,228,2020-04-09,0.0014486829485186646
Apr 10,509604,us,cases,2020,4,10,229,2020-04-10,0.001552536986839333
Apr 11,539942,us,cases,2020,4,11,230,2020-04-11,0.0016449633946122935
Apr 12,567708,us,cases,2020,4,12,231,2020-04-12,0.0017295540610446232
Apr 13,594693,us,cases,2020,4,13,232,2020-04-13,0.0018117653674508904
Apr 14,621953,us,cases,2020,4,14,233,2020-04-14,0.001894814476683236
Apr 15,652474,us,cases,2020,4,15,234,2020-04-15,0.001987798404155005
Apr 16,682454,us,cases,2020,4,16,235,2020-04-16,0.0020791341449761976
Apr 17,714822,us,cases,2020,4,17,236,2020-04-17,0.002177745060883482
Apr 18,743901,us,cases,2020,4,18,237,2020-04-18,0.002266335854990869
Apr 19,770014,us,cases,2020,4,19,238,2020-04-19,0.002345890564799535
Apr 20,798145,us,cases,2020,4,20,239,2020-04-20,0.0024315932240737506
Apr 21,824229,us,cases,2020,4,21,240,2020-04-21,0.002511059583766212
Apr 22,854385,us,cases,2020,4,22,241,2020-04-22,0.0026029315183960953
Apr 23,886274,us,cases,2020,4,23,242,2020-04-23,0.002700083134108137
Apr 24,925232,us,cases,2020,4,24,243,2020-04-24,0.002818770852283989
Apr 25,960651,us,cases,2020,4,25,244,2020-04-25,0.0029266768097271456
Apr 26,987160,us,cases,2020,4,26,245,2020-04-26,0.0030074379556053643
Apr 27,1010356,us,cases,2020,4,27,246,2020-04-27,0.003078105862346138
Apr 28,1035765,us,cases,2020,4,28,247,2020-04-28,0.0031555157969200436
Apr 29,1064194,us,cases,2020,4,29,248,2020-04-29,0.003242126329802155
Apr 30,1095023,us,cases,2020,4,30,249,2020-04-30,0.0033360485964391315
May 01,1131030,us,cases,2020,5,1,250,2020-05-01,0.00344574592865223
May 02,1160774,us,cases,2020,5,2,251,2020-05-02,0.003536362682320861
May 03,1188122,us,cases,2020,5,3,252,2020-05-03,0.0036196798884575517
May 04,1212835,us,cases,2020,5,4,253,2020-05-04,0.0036949694202425463
May 05,1237633,us,cases,2020,5,5,254,2020-05-05,0.0037705179092646928
May 06,1263092,us,cases,2020,5,6,255,2020-05-06,0.003848080171625158
May 07,1292623,us,cases,2020,5,7,256,2020-05-07,0.003938048008923045
May 08,1321785,us,cases,2020,5,8,257,2020-05-08,0.0040268916671561215
May 09,1347309,us,cases,2020,5,9,258,2020-05-09,0.004104651955639114
May 10,1367638,us,cases,2020,5,10,259,2020-05-10,0.004166585387098555
May 11,1385834,us,cases,2020,5,11,260,2020-05-11,0.004222020515183359
Feb 15,0,us,deaths,2020,2,15,261,2020-02-15,0.0
Feb 16,0,us,deaths,2020,2,16,262,2020-02-16,0.0
Feb 17,0,us,deaths,2020,2,17,263,2020-02-17,0.0
Feb 18,0,us,deaths,2020,2,18,264,2020-02-18,0.0
Feb 19,0,us,deaths,2020,2,19,265,2020-02-19,0.0
Feb 20,0,us,deaths,2020,2,20,266,2020-02-20,0.0
Feb 21,0,us,deaths,2020,2,21,267,2020-02-21,0.0
Feb 22,0,us,deaths,2020,2,22,268,2020-02-22,0.0
Feb 23,0,us,deaths,2020,2,23,269,2020-02-23,0.0
Feb 24,0,us,deaths,2020,2,24,270,2020-02-24,0.0
Feb 25,0,us,deaths,2020,2,25,271,2020-02-25,0.0
Feb 26,0,us,deaths,2020,2,26,272,2020-02-26,0.0
Feb 27,0,us,deaths,2020,2,27,273,2020-02-27,0.0
Feb 28,0,us,deaths,2020,2,28,274,2020-02-28,0.0
Feb 29,1,us,deaths,2020,2,29,275,2020-02-29,3.046555731193894e-09
Mar 01,1,us,deaths,2020,3,1,276,2020-03-01,3.046555731193894e-09
Mar 02,6,us,deaths,2020,3,2,277,2020-03-02,1.8279334387163363e-08
Mar 03,9,us,deaths,2020,3,3,278,2020-03-03,2.7419001580745048e-08
Mar 04,11,us,deaths,2020,3,4,279,2020-03-04,3.351211304313283e-08
Mar 05,12,us,deaths,2020,3,5,280,2020-03-05,3.6558668774326726e-08
Mar 06,15,us,deaths,2020,3,6,281,2020-03-06,4.569833596790841e-08
Mar 07,19,us,deaths,2020,3,7,282,2020-03-07,5.788455889268399e-08
Mar 08,22,us,deaths,2020,3,8,283,2020-03-08,6.702422608626566e-08
Mar 09,26,us,deaths,2020,3,9,284,2020-03-09,7.921044901104124e-08
Mar 10,30,us,deaths,2020,3,10,285,2020-03-10,9.139667193581682e-08
Mar 11,38,us,deaths,2020,3,11,286,2020-03-11,1.1576911778536798e-07
Mar 12,41,us,deaths,2020,3,12,287,2020-03-12,1.2490878497894965e-07
Mar 13,48,us,deaths,2020,3,13,288,2020-03-13,1.462346750973069e-07
Mar 14,58,us,deaths,2020,3,14,289,2020-03-14,1.7670023240924586e-07
Mar 15,73,us,deaths,2020,3,15,290,2020-03-15,2.2239856837715426e-07
Mar 16,95,us,deaths,2020,3,16,291,2020-03-16,2.894227944634199e-07
Mar 17,121,us,deaths,2020,3,17,292,2020-03-17,3.6863324347446116e-07
Mar 18,171,us,deaths,2020,3,18,293,2020-03-18,5.209610300341559e-07
Mar 19,239,us,deaths,2020,3,19,294,2020-03-19,7.281268197553406e-07
Mar 20,309,us,deaths,2020,3,20,295,2020-03-20,9.413857209389132e-07
Mar 21,374,us,deaths,2020,3,21,296,2020-03-21,1.1394118434665164e-06
Mar 22,509,us,deaths,2020,3,22,297,2020-03-22,1.550696867177692e-06
Mar 23,689,us,deaths,2020,3,23,298,2020-03-23,2.099076898792593e-06
Mar 24,957,us,deaths,2020,3,24,299,2020-03-24,2.9155538347525567e-06
Mar 25,1260,us,deaths,2020,3,25,300,2020-03-25,3.8386602213043065e-06
Mar 26,1614,us,deaths,2020,3,26,301,2020-03-26,4.917140950146945e-06
Mar 27,2110,us,deaths,2020,3,27,302,2020-03-27,6.428232592819117e-06
Mar 28,2754,us,deaths,2020,3,28,303,2020-03-28,8.390214483707985e-06
Mar 29,3251,us,deaths,2020,3,29,304,2020-03-29,9.90435268211135e-06
Mar 30,4066,us,deaths,2020,3,30,305,2020-03-30,1.2387295603034374e-05
Mar 31,5151,us,deaths,2020,3,31,306,2020-03-31,1.5692808571379748e-05
Apr 01,6394,us,deaths,2020,4,1,307,2020-04-01,1.947967734525376e-05
Apr 02,7576,us,deaths,2020,4,2,308,2020-04-02,2.308070621952494e-05
Apr 03,8839,us,deaths,2020,4,3,309,2020-04-03,2.6928506108022828e-05
Apr 04,10384,us,deaths,2020,4,4,310,2020-04-04,3.163543471271739e-05
Apr 05,11793,us,deaths,2020,4,5,311,2020-04-05,3.592803173796959e-05
Apr 06,13298,us,deaths,2020,4,6,312,2020-04-06,4.05130981134164e-05
Apr 07,15526,us,deaths,2020,4,7,313,2020-04-07,4.73008242825164e-05
Apr 08,17691,us,deaths,2020,4,8,314,2020-04-08,5.389661744055118e-05
Apr 09,19802,us,deaths,2020,4,9,315,2020-04-09,6.032789658910149e-05
Apr 10,22038,us,deaths,2020,4,10,316,2020-04-10,6.713999520405104e-05
Apr 11,24062,us,deaths,2020,4,11,317,2020-04-11,7.330622400398748e-05
Apr 12,25789,us,deaths,2020,4,12,318,2020-04-12,7.856762575175934e-05
Apr 13,27515,us,deaths,2020,4,13,319,2020-04-13,8.382598094379999e-05
Apr 14,30081,us,deaths,2020,4,14,320,2020-04-14,9.164344295004352e-05
Apr 15,32712,us,deaths,2020,4,15,321,2020-04-15,9.965893107881466e-05
Apr 16,34905,us,deaths,2020,4,16,322,2020-04-16,0.00010634002779732288
Apr 17,37448,us,deaths,2020,4,17,323,2020-04-17,0.00011408741902174895
Apr 18,39331,us,deaths,2020,4,18,324,2020-04-18,0.00011982408346358704
Apr 19,40901,us,deaths,2020,4,19,325,2020-04-19,0.00012460717596156145
Apr 20,42853,us,deaths,2020,4,20,326,2020-04-20,0.00013055405274885193
Apr 21,45536,us,deaths,2020,4,21,327,2020-04-21,0.00013872796177564516
Apr 22,47894,us,deaths,2020,4,22,328,2020-04-22,0.00014591174018980035
Apr 23,50234,us,deaths,2020,4,23,329,2020-04-23,0.00015304068060079408
Apr 24,52191,us,deaths,2020,4,24,330,2020-04-24,0.00015900279016674052
Apr 25,54256,us,deaths,2020,4,25,331,2020-04-25,0.0001652939277516559
Apr 26,55412,us,deaths,2020,4,26,332,2020-04-26,0.00016881574617691605
Apr 27,56795,us,deaths,2020,4,27,333,2020-04-27,0.0001730291327531572
Apr 28,59265,us,deaths,2020,4,28,334,2020-04-28,0.00018055412540920614
Apr 29,61655,us,deaths,2020,4,29,335,2020-04-29,0.00018783539360675954
Apr 30,63856,us,deaths,2020,4,30,336,2020-04-30,0.0001945408627711173
May 01,65753,us,deaths,2020,5,1,337,2020-05-01,0.00020032017899319213
May 02,67444,us,deaths,2020,5,2,338,2020-05-02,0.00020547190473464098
May 03,68597,us,deaths,2020,5,3,339,2020-05-03,0.00020898458349270755
May 04,69921,us,deaths,2020,5,4,340,2020-05-04,0.00021301822328080827
May 05,72271,us,deaths,2020,5,5,341,2020-05-05,0.00022017762924911392
May 06,74799,us,deaths,2020,5,6,342,2020-05-06,0.00022787932213757207
May 07,76928,us,deaths,2020,5,7,343,2020-05-07,0.00023436543928928387
May 08,78615,us,deaths,2020,5,8,344,2020-05-08,0.00023950497880780797
May 09,80037,us,deaths,2020,5,9,345,2020-05-09,0.0002438371810575657
May 10,80787,us,deaths,2020,5,10,346,2020-05-10,0.0002461220978559611
May 11,81795,us,deaths,2020,5,11,347,2020-05-11,0.00024919302603300457
Feb 15,28,south-korea,cases,2020,2,15,348,2020-02-15,5.414907836914888e-07
Feb 16,29,south-korea,cases,2020,2,16,349,2020-02-16,5.608297402518992e-07
Feb 17,30,south-korea,cases,2020,2,17,350,2020-02-17,5.801686968123095e-07
Feb 18,31,south-korea,cases,2020,2,18,351,2020-02-18,5.995076533727199e-07
Feb 19,58,south-korea,cases,2020,2,19,352,2020-02-19,1.1216594805037984e-06
Feb 20,111,south-korea,cases,2020,2,20,353,2020-02-20,2.146624178205545e-06
Feb 21,209,south-korea,cases,2020,2,21,354,2020-02-21,4.041841921125756e-06
Feb 22,436,south-korea,cases,2020,2,22,355,2020-02-22,8.431785060338899e-06
Feb 23,602,south-korea,cases,2020,2,23,356,2020-02-23,1.164205184936701e-05
Feb 24,833,south-korea,cases,2020,2,24,357,2020-02-24,1.6109350814821794e-05
Feb 25,977,south-korea,cases,2020,2,25,358,2020-02-25,1.889416055952088e-05
Feb 26,1261,south-korea,cases,2020,2,26,359,2020-02-26,2.438642422267741e-05
Feb 27,1766,south-korea,cases,2020,2,27,360,2020-02-27,3.415259728568462e-05
Feb 28,2337,south-korea,cases,2020,2,28,361,2020-02-28,4.519514148167891e-05
Feb 29,3150,south-korea,cases,2020,2,29,362,2020-02-29,6.09177131652925e-05
Mar 01,3736,south-korea,cases,2020,3,1,363,2020-03-01,7.225034170969294e-05
Mar 02,4335,south-korea,cases,2020,3,2,364,2020-03-02,8.383437668937873e-05
Mar 03,5186,south-korea,cases,2020,3,3,365,2020-03-03,0.0001002918287222879
Mar 04,5621,south-korea,cases,2020,3,4,366,2020-03-04,0.00010870427482606639
Mar 05,6284,south-korea,cases,2020,3,5,367,2020-03-05,0.00012152600302561843
Mar 06,6593,south-korea,cases,2020,3,6,368,2020-03-06,0.00012750174060278523
Mar 07,7041,south-korea,cases,2020,3,7,369,2020-03-07,0.00013616559314184905
Mar 08,7313,south-korea,cases,2020,3,8,370,2020-03-08,0.00014142578932628064
Mar 09,7478,south-korea,cases,2020,3,9,371,2020-03-09,0.00014461671715874835
Mar 10,7513,south-korea,cases,2020,3,10,372,2020-03-10,0.0001452935806383627
Mar 11,7755,south-korea,cases,2020,3,11,373,2020-03-11,0.00014997360812598202
Mar 12,7869,south-korea,cases,2020,3,12,374,2020-03-12,0.00015217824917386879
Mar 13,7979,south-korea,cases,2020,3,13,375,2020-03-13,0.00015430553439551393
Mar 14,8086,south-korea,cases,2020,3,14,376,2020-03-14,0.00015637480274747782
Mar 15,8162,south-korea,cases,2020,3,15,377,2020-03-15,0.00015784456344606902
Mar 16,8236,south-korea,cases,2020,3,16,378,2020-03-16,0.00015927564623153937
Mar 17,8320,south-korea,cases,2020,3,17,379,2020-03-17,0.00016090011858261384
Mar 18,8413,south-korea,cases,2020,3,18,380,2020-03-18,0.000162698641542732
Mar 19,8565,south-korea,cases,2020,3,19,381,2020-03-19,0.00016563816293991437
Mar 20,8652,south-korea,cases,2020,3,20,382,2020-03-20,0.00016732065216067008
Mar 21,8799,south-korea,cases,2020,3,21,383,2020-03-21,0.00017016347877505037
Mar 22,8897,south-korea,cases,2020,3,22,384,2020-03-22,0.00017205869651797058
Mar 23,8961,south-korea,cases,2020,3,23,385,2020-03-23,0.00017329638973783684
Mar 24,9037,south-korea,cases,2020,3,24,386,2020-03-24,0.00017476615043642804
Mar 25,9137,south-korea,cases,2020,3,25,387,2020-03-25,0.00017670004609246907
Mar 26,9241,south-korea,cases,2020,3,26,388,2020-03-26,0.00017871129757475175
Mar 27,9332,south-korea,cases,2020,3,27,389,2020-03-27,0.00018047114262174907
Mar 28,9478,south-korea,cases,2020,3,28,390,2020-03-28,0.00018329463027956898
Mar 29,9583,south-korea,cases,2020,3,29,391,2020-03-29,0.00018532522071841207
Mar 30,9661,south-korea,cases,2020,3,30,392,2020-03-30,0.00018683365933012407
Mar 31,9786,south-korea,cases,2020,3,31,393,2020-03-31,0.00018925102890017537
Apr 01,9887,south-korea,cases,2020,4,1,394,2020-04-01,0.0001912042635127768
Apr 02,9976,south-korea,cases,2020,4,2,395,2020-04-02,0.00019292543064665333
Apr 03,10062,south-korea,cases,2020,4,3,396,2020-04-03,0.0001945885809108486
Apr 04,10156,south-korea,cases,2020,4,4,397,2020-04-04,0.0001964064428275272
Apr 05,10237,south-korea,cases,2020,4,5,398,2020-04-05,0.00019797289830892042
Apr 06,10284,south-korea,cases,2020,4,6,399,2020-04-06,0.0001988818292672597
Apr 07,10331,south-korea,cases,2020,4,7,400,2020-04-07,0.00019979076022559898
Apr 08,10384,south-korea,cases,2020,4,8,401,2020-04-08,0.00020081572492330074
Apr 09,10423,south-korea,cases,2020,4,9,402,2020-04-09,0.00020156994422915674
Apr 10,10450,south-korea,cases,2020,4,10,403,2020-04-10,0.0002020920960562878
Apr 11,10480,south-korea,cases,2020,4,11,404,2020-04-11,0.00020267226475310013
Apr 12,10512,south-korea,cases,2020,4,12,405,2020-04-12,0.00020329111136303324
Apr 13,10537,south-korea,cases,2020,4,13,406,2020-04-13,0.0002037745852770435
Apr 14,10564,south-korea,cases,2020,4,14,407,2020-04-14,0.0002042967371041746
Apr 15,10591,south-korea,cases,2020,4,15,408,2020-04-15,0.00020481888893130566
Apr 16,10613,south-korea,cases,2020,4,16,409,2020-04-16,0.00020524434597563469
Apr 17,10635,south-korea,cases,2020,4,17,410,2020-04-17,0.00020566980301996371
Apr 18,10653,south-korea,cases,2020,4,18,411,2020-04-18,0.0002060179042380511
Apr 19,10661,south-korea,cases,2020,4,19,412,2020-04-19,0.0002061726158905344
Apr 20,10674,south-korea,cases,2020,4,20,413,2020-04-20,0.00020642402232581971
Apr 21,10683,south-korea,cases,2020,4,21,414,2020-04-21,0.00020659807293486342
Apr 22,10694,south-korea,cases,2020,4,22,415,2020-04-22,0.00020681080145702792
Apr 23,10702,south-korea,cases,2020,4,23,416,2020-04-23,0.00020696551310951121
Apr 24,10708,south-korea,cases,2020,4,24,417,2020-04-24,0.00020708154684887368
Apr 25,10718,south-korea,cases,2020,4,25,418,2020-04-25,0.00020727493641447777
Apr 26,10728,south-korea,cases,2020,4,26,419,2020-04-26,0.0002074683259800819
Apr 27,10738,south-korea,cases,2020,4,27,420,2020-04-27,0.00020766171554568598
Apr 28,10752,south-korea,cases,2020,4,28,421,2020-04-28,0.00020793246093753171
Apr 29,10761,south-korea,cases,2020,4,29,422,2020-04-29,0.00020810651154657542
Apr 30,10765,south-korea,cases,2020,4,30,423,2020-04-30,0.00020818386737281707
May 01,10774,south-korea,cases,2020,5,1,424,2020-05-01,0.00020835791798186074
May 02,10780,south-korea,cases,2020,5,2,425,2020-05-02,0.00020847395172122321
May 03,10793,south-korea,cases,2020,5,3,426,2020-05-03,0.00020872535815650854
May 04,10801,south-korea,cases,2020,5,4,427,2020-05-04,0.00020888006980899183
May 05,10804,south-korea,cases,2020,5,5,428,2020-05-05,0.00020893808667867307
May 06,10806,south-korea,cases,2020,5,6,429,2020-05-06,0.0002089767645917939
May 07,10810,south-korea,cases,2020,5,7,430,2020-05-07,0.00020905412041803554
May 08,10822,south-korea,cases,2020,5,8,431,2020-05-08,0.00020928618789676045
May 09,10840,south-korea,cases,2020,5,9,432,2020-05-09,0.00020963428911484783
May 10,10874,south-korea,cases,2020,5,10,433,2020-05-10,0.00021029181363790177
May 11,10909,south-korea,cases,2020,5,11,434,2020-05-11,0.00021096867711751615
Feb 15,0,south-korea,deaths,2020,2,15,435,2020-02-15,0.0
Feb 16,0,south-korea,deaths,2020,2,16,436,2020-02-16,0.0
Feb 17,0,south-korea,deaths,2020,2,17,437,2020-02-17,0.0
Feb 18,0,south-korea,deaths,2020,2,18,438,2020-02-18,0.0
Feb 19,0,south-korea,deaths,2020,2,19,439,2020-02-19,0.0
Feb 20,1,south-korea,deaths,2020,2,20,440,2020-02-20,1.9338956560410317e-08
Feb 21,2,south-korea,deaths,2020,2,21,441,2020-02-21,3.8677913120820633e-08
Feb 22,2,south-korea,deaths,2020,2,22,442,2020-02-22,3.8677913120820633e-08
Feb 23,6,south-korea,deaths,2020,2,23,443,2020-02-23,1.160337393624619e-07
Feb 24,8,south-korea,deaths,2020,2,24,444,2020-02-24,1.5471165248328253e-07
Feb 25,11,south-korea,deaths,2020,2,25,445,2020-02-25,2.1272852216451348e-07
Feb 26,12,south-korea,deaths,2020,2,26,446,2020-02-26,2.320674787249238e-07
Feb 27,13,south-korea,deaths,2020,2,27,447,2020-02-27,2.514064352853341e-07
Feb 28,16,south-korea,deaths,2020,2,28,448,2020-02-28,3.0942330496656507e-07
Feb 29,17,south-korea,deaths,2020,2,29,449,2020-02-29,3.287622615269754e-07
Mar 01,21,south-korea,deaths,2020,3,1,450,2020-03-01,4.0611808776861663e-07
Mar 02,28,south-korea,deaths,2020,3,2,451,2020-03-02,5.414907836914888e-07
Mar 03,32,south-korea,deaths,2020,3,3,452,2020-03-03,6.188466099331301e-07
Mar 04,35,south-korea,deaths,2020,3,4,453,2020-03-04,6.76863479614361e-07
Mar 05,42,south-korea,deaths,2020,3,5,454,2020-03-05,8.122361755372333e-07
Mar 06,43,south-korea,deaths,2020,3,6,455,2020-03-06,8.315751320976436e-07
Mar 07,48,south-korea,deaths,2020,3,7,456,2020-03-07,9.282699148996952e-07
Mar 08,50,south-korea,deaths,2020,3,8,457,2020-03-08,9.669478280205158e-07
Mar 09,53,south-korea,deaths,2020,3,9,458,2020-03-09,1.0249646977017468e-06
Mar 10,60,south-korea,deaths,2020,3,10,459,2020-03-10,1.160337393624619e-06
Mar 11,60,south-korea,deaths,2020,3,11,460,2020-03-11,1.160337393624619e-06
Mar 12,66,south-korea,deaths,2020,3,12,461,2020-03-12,1.276371132987081e-06
Mar 13,67,south-korea,deaths,2020,3,13,462,2020-03-13,1.2957100895474912e-06
Mar 14,72,south-korea,deaths,2020,3,14,463,2020-03-14,1.3924048723495429e-06
Mar 15,75,south-korea,deaths,2020,3,15,464,2020-03-15,1.4504217420307738e-06
Mar 16,75,south-korea,deaths,2020,3,16,465,2020-03-16,1.4504217420307738e-06
Mar 17,81,south-korea,deaths,2020,3,17,466,2020-03-17,1.5664554813932356e-06
Mar 18,84,south-korea,deaths,2020,3,18,467,2020-03-18,1.6244723510744665e-06
Mar 19,91,south-korea,deaths,2020,3,19,468,2020-03-19,1.759845046997339e-06
Mar 20,94,south-korea,deaths,2020,3,20,469,2020-03-20,1.8178619166785699e-06
Mar 21,102,south-korea,deaths,2020,3,21,470,2020-03-21,1.9725735691618524e-06
Mar 22,104,south-korea,deaths,2020,3,22,471,2020-03-22,2.0112514822826728e-06
Mar 23,111,south-korea,deaths,2020,3,23,472,2020-03-23,2.146624178205545e-06
Mar 24,120,south-korea,deaths,2020,3,24,473,2020-03-24,2.320674787249238e-06
Mar 25,126,south-korea,deaths,2020,3,25,474,2020-03-25,2.4367085266116998e-06
Mar 26,131,south-korea,deaths,2020,3,26,475,2020-03-26,2.5334033094137517e-06
Mar 27,139,south-korea,deaths,2020,3,27,476,2020-03-27,2.6881149618970343e-06
Mar 28,144,south-korea,deaths,2020,3,28,477,2020-03-28,2.7848097446990857e-06
Mar 29,152,south-korea,deaths,2020,3,29,478,2020-03-29,2.9395213971823683e-06
Mar 30,158,south-korea,deaths,2020,3,30,479,2020-03-30,3.05555513654483e-06
Mar 31,162,south-korea,deaths,2020,3,31,480,2020-03-31,3.1329109627864712e-06
Apr 01,165,south-korea,deaths,2020,4,1,481,2020-04-01,3.1909278324677023e-06
Apr 02,169,south-korea,deaths,2020,4,2,482,2020-04-02,3.2682836587093434e-06
Apr 03,174,south-korea,deaths,2020,4,3,483,2020-04-03,3.3649784415113953e-06
Apr 04,177,south-korea,deaths,2020,4,4,484,2020-04-04,3.422995311192626e-06
Apr 05,183,south-korea,deaths,2020,4,5,485,2020-04-05,3.539029050555088e-06
Apr 06,186,south-korea,deaths,2020,4,6,486,2020-04-06,3.597045920236319e-06
Apr 07,192,south-korea,deaths,2020,4,7,487,2020-04-07,3.713079659598781e-06
Apr 08,200,south-korea,deaths,2020,4,8,488,2020-04-08,3.867791312082063e-06
Apr 09,204,south-korea,deaths,2020,4,9,489,2020-04-09,3.945147138323705e-06
Apr 10,208,south-korea,deaths,2020,4,10,490,2020-04-10,4.0225029645653456e-06
Apr 11,211,south-korea,deaths,2020,4,11,491,2020-04-11,4.080519834246577e-06
Apr 12,214,south-korea,deaths,2020,4,12,492,2020-04-12,4.138536703927808e-06
Apr 13,217,south-korea,deaths,2020,4,13,493,2020-04-13,4.1965535736090385e-06
Apr 14,222,south-korea,deaths,2020,4,14,494,2020-04-14,4.29324835641109e-06
Apr 15,225,south-korea,deaths,2020,4,15,495,2020-04-15,4.3512652260923215e-06
Apr 16,229,south-korea,deaths,2020,4,16,496,2020-04-16,4.428621052333962e-06
Apr 17,230,south-korea,deaths,2020,4,17,497,2020-04-17,4.447960008894373e-06
Apr 18,232,south-korea,deaths,2020,4,18,498,2020-04-18,4.486637922015194e-06
Apr 19,234,south-korea,deaths,2020,4,19,499,2020-04-19,4.5253158351360145e-06
Apr 20,236,south-korea,deaths,2020,4,20,500,2020-04-20,4.563993748256834e-06
Apr 21,237,south-korea,deaths,2020,4,21,501,2020-04-21,4.583332704817245e-06
Apr 22,238,south-korea,deaths,2020,4,22,502,2020-04-22,4.602671661377655e-06
Apr 23,240,south-korea,deaths,2020,4,23,503,2020-04-23,4.641349574498476e-06
Apr 24,240,south-korea,deaths,2020,4,24,504,2020-04-24,4.641349574498476e-06
Apr 25,240,south-korea,deaths,2020,4,25,505,2020-04-25,4.641349574498476e-06
Apr 26,242,south-korea,deaths,2020,4,26,506,2020-04-26,4.680027487619297e-06
Apr 27,243,south-korea,deaths,2020,4,27,507,2020-04-27,4.699366444179707e-06
Apr 28,244,south-korea,deaths,2020,4,28,508,2020-04-28,4.718705400740117e-06
Apr 29,246,south-korea,deaths,2020,4,29,509,2020-04-29,4.757383313860938e-06
Apr 30,247,south-korea,deaths,2020,4,30,510,2020-04-30,4.776722270421348e-06
May 01,248,south-korea,deaths,2020,5,1,511,2020-05-01,4.796061226981759e-06
May 02,250,south-korea,deaths,2020,5,2,512,2020-05-02,4.834739140102579e-06
May 03,250,south-korea,deaths,2020,5,3,513,2020-05-03,4.834739140102579e-06
May 04,252,south-korea,deaths,2020,5,4,514,2020-05-04,4.8734170532233996e-06
May 05,254,south-korea,deaths,2020,5,5,515,2020-05-05,4.91209496634422e-06
May 06,255,south-korea,deaths,2020,5,6,516,2020-05-06,4.931433922904631e-06
May 07,256,south-korea,deaths,2020,5,7,517,2020-05-07,4.950772879465041e-06
May 08,256,south-korea,deaths,2020,5,8,518,2020-05-08,4.950772879465041e-06
May 09,256,south-korea,deaths,2020,5,9,519,2020-05-09,4.950772879465041e-06
May 10,256,south-korea,deaths,2020,5,10,520,2020-05-10,4.950772879465041e-06
May 11,256,south-korea,deaths,2020,5,11,521,2020-05-11,4.950772879465041e-06
Feb 15,9,uk,cases,2020,2,15,522,2020-02-15,1.3324301036407068e-07
Feb 16,9,uk,cases,2020,2,16,523,2020-02-16,1.3324301036407068e-07
Feb 17,9,uk,cases,2020,2,17,524,2020-02-17,1.3324301036407068e-07
Feb 18,9,uk,cases,2020,2,18,525,2020-02-18,1.3324301036407068e-07
Feb 19,9,uk,cases,2020,2,19,526,2020-02-19,1.3324301036407068e-07
Feb 20,9,uk,cases,2020,2,20,527,2020-02-20,1.3324301036407068e-07
Feb 21,9,uk,cases,2020,2,21,528,2020-02-21,1.3324301036407068e-07
Feb 22,9,uk,cases,2020,2,22,529,2020-02-22,1.3324301036407068e-07
Feb 23,13,uk,cases,2020,2,23,530,2020-02-23,1.9246212608143544e-07
Feb 24,13,uk,cases,2020,2,24,531,2020-02-24,1.9246212608143544e-07
Feb 25,13,uk,cases,2020,2,25,532,2020-02-25,1.9246212608143544e-07
Feb 26,13,uk,cases,2020,2,26,533,2020-02-26,1.9246212608143544e-07
Feb 27,16,uk,cases,2020,2,27,534,2020-02-27,2.3687646286945898e-07
Feb 28,20,uk,cases,2020,2,28,535,2020-02-28,2.9609557858682375e-07
Feb 29,23,uk,cases,2020,2,29,536,2020-02-29,3.405099153748473e-07
Mar 01,36,uk,cases,2020,3,1,537,2020-03-01,5.329720414562827e-07
Mar 02,39,uk,cases,2020,3,2,538,2020-03-02,5.773863782443063e-07
Mar 03,51,uk,cases,2020,3,3,539,2020-03-03,7.550437253964006e-07
Mar 04,87,uk,cases,2020,3,4,540,2020-03-04,1.2880157668526833e-06
Mar 05,116,uk,cases,2020,3,5,541,2020-03-05,1.7173543558035778e-06
Mar 06,164,uk,cases,2020,3,6,542,2020-03-06,2.4279837444119547e-06
Mar 07,209,uk,cases,2020,3,7,543,2020-03-07,3.094198796232308e-06
Mar 08,278,uk,cases,2020,3,8,544,2020-03-08,4.11572854235685e-06
Mar 09,321,uk,cases,2020,3,9,545,2020-03-09,4.752334036318521e-06
Mar 10,383,uk,cases,2020,3,10,546,2020-03-10,5.6702303299376745e-06
Mar 11,460,uk,cases,2020,3,11,547,2020-03-11,6.810198307496946e-06
Mar 12,590,uk,cases,2020,3,12,548,2020-03-12,8.734819568311301e-06
Mar 13,798,uk,cases,2020,3,13,549,2020-03-13,1.1814213585614267e-05
Mar 14,1140,uk,cases,2020,3,14,550,2020-03-14,1.6877447979448955e-05
Mar 15,1391,uk,cases,2020,3,15,551,2020-03-15,2.059344749071359e-05
Mar 16,1543,uk,cases,2020,3,16,552,2020-03-16,2.284377388797345e-05
Mar 17,1950,uk,cases,2020,3,17,553,2020-03-17,2.8869318912215315e-05
Mar 18,2626,uk,cases,2020,3,18,554,2020-03-18,3.887734946844996e-05
Mar 19,3269,uk,cases,2020,3,19,555,2020-03-19,4.839682232001634e-05
Mar 20,3983,uk,cases,2020,3,20,556,2020-03-20,5.896743447556595e-05
Mar 21,5018,uk,cases,2020,3,21,557,2020-03-21,7.429038066743408e-05
Mar 22,5683,uk,cases,2020,3,22,558,2020-03-22,8.413555865544597e-05
Mar 23,6650,uk,cases,2020,3,23,559,2020-03-23,9.84517798801189e-05
Mar 24,8077,uk,cases,2020,3,24,560,2020-03-24,0.00011957819941228876
Mar 25,9529,uk,cases,2020,3,25,561,2020-03-25,0.00014107473841769218
Mar 26,11658,uk,cases,2020,3,26,562,2020-03-26,0.00017259411275825955
Mar 27,14543,uk,cases,2020,3,27,563,2020-03-27,0.0002153058999694089
Mar 28,17089,uk,cases,2020,3,28,564,2020-03-28,0.00025299886712351155
Mar 29,19522,uk,cases,2020,3,29,565,2020-03-29,0.00028901889425859864
Mar 30,22141,uk,cases,2020,3,30,566,2020-03-30,0.00032779261027454323
Mar 31,25150,uk,cases,2020,3,31,567,2020-03-31,0.00037234019007293084
Apr 01,29474,uk,cases,2020,4,1,568,2020-04-01,0.00043635605416340216
Apr 02,33718,uk,cases,2020,4,2,569,2020-04-02,0.0004991875359395262
Apr 03,38168,uk,cases,2020,4,3,570,2020-04-03,0.0005650688021750944
Apr 04,41903,uk,cases,2020,4,4,571,2020-04-04,0.0006203646514761837
Apr 05,47806,uk,cases,2020,4,5,572,2020-04-05,0.0007077572614960848
Apr 06,51608,uk,cases,2020,4,6,573,2020-04-06,0.00076404503098544
Apr 07,55242,uk,cases,2020,4,7,574,2020-04-07,0.0008178455976146659
Apr 08,60733,uk,cases,2020,4,8,575,2020-04-08,0.0008991386387156783
Apr 09,65077,uk,cases,2020,4,9,576,2020-04-09,0.0009634505983847364
Apr 10,73758,uk,cases,2020,4,10,577,2020-04-10,0.0010919708842703473
Apr 11,78991,uk,cases,2020,4,11,578,2020-04-11,0.0011694442924075896
Apr 12,84279,uk,cases,2020,4,12,579,2020-04-12,0.0012477319633859459
Apr 13,88621,uk,cases,2020,4,13,580,2020-04-13,0.0013120143134971454
Apr 14,93873,uk,cases,2020,4,14,581,2020-04-14,0.0013897690124340452
Apr 15,98476,uk,cases,2020,4,15,582,2020-04-15,0.0014579154098458026
Apr 16,103093,uk,cases,2020,4,16,583,2020-04-16,0.001526269074162571
Apr 17,108692,uk,cases,2020,4,17,584,2020-04-17,0.0016091610313879524
Apr 18,114217,uk,cases,2020,4,18,585,2020-04-18,0.0016909574349725624
Apr 19,120067,uk,cases,2020,4,19,586,2020-04-19,0.0017775653917092083
Apr 20,124743,uk,cases,2020,4,20,587,2020-04-20,0.0018467925379828077
Apr 21,129044,uk,cases,2020,4,21,588,2020-04-21,0.001910467892157904
Apr 22,133495,uk,cases,2020,4,22,589,2020-04-22,0.0019763639631724017
Apr 23,138078,uk,cases,2020,4,23,590,2020-04-23,0.0020442142650055725
Apr 24,143464,uk,cases,2020,4,24,591,2020-04-24,0.002123952804319004
Apr 25,148377,uk,cases,2020,4,25,592,2020-04-25,0.0021966886831988573
Apr 26,152840,uk,cases,2020,4,26,593,2020-04-26,0.0022627624115605072
Apr 27,157149,uk,cases,2020,4,27,594,2020-04-27,0.002326556203967038
Apr 28,161145,uk,cases,2020,4,28,595,2020-04-28,0.0023857161005686857
Apr 29,165221,uk,cases,2020,4,29,596,2020-04-29,0.00244606037948468
Apr 30,171253,uk,cases,2020,4,30,597,2020-04-30,0.002535362805986466
May 01,177454,uk,cases,2020,5,1,598,2020-05-01,0.002627167240127311
May 02,182260,uk,cases,2020,5,2,599,2020-05-02,0.002698319007661725
May 03,186599,uk,cases,2020,5,3,600,2020-05-03,0.0027625569434361363
May 04,190584,uk,cases,2020,5,4,601,2020-05-04,0.0028215539874695606
May 05,194990,uk,cases,2020,5,5,602,2020-05-05,0.002886783843432238
May 06,201101,uk,cases,2020,5,6,603,2020-05-06,0.002977255847469442
May 07,206715,uk,cases,2020,5,7,604,2020-05-07,0.0030603698763787637
May 08,211364,uk,cases,2020,5,8,605,2020-05-08,0.0031291972936212708
May 09,215260,uk,cases,2020,5,9,606,2020-05-09,0.003186876712329984
May 10,219183,uk,cases,2020,5,10,607,2020-05-10,0.0032449558600697896
May 11,223060,uk,cases,2020,5,11,608,2020-05-11,0.003302353987978845
Feb 15,0,uk,deaths,2020,2,15,609,2020-02-15,0.0
Feb 16,0,uk,deaths,2020,2,16,610,2020-02-16,0.0
Feb 17,0,uk,deaths,2020,2,17,611,2020-02-17,0.0
Feb 18,0,uk,deaths,2020,2,18,612,2020-02-18,0.0
Feb 19,0,uk,deaths,2020,2,19,613,2020-02-19,0.0
Feb 20,0,uk,deaths,2020,2,20,614,2020-02-20,0.0
Feb 21,0,uk,deaths,2020,2,21,615,2020-02-21,0.0
Feb 22,0,uk,deaths,2020,2,22,616,2020-02-22,0.0
Feb 23,0,uk,deaths,2020,2,23,617,2020-02-23,0.0
Feb 24,0,uk,deaths,2020,2,24,618,2020-02-24,0.0
Feb 25,0,uk,deaths,2020,2,25,619,2020-02-25,0.0
Feb 26,0,uk,deaths,2020,2,26,620,2020-02-26,0.0
Feb 27,0,uk,deaths,2020,2,27,621,2020-02-27,0.0
Feb 28,0,uk,deaths,2020,2,28,622,2020-02-28,0.0
Feb 29,0,uk,deaths,2020,2,29,623,2020-02-29,0.0
Mar 01,0,uk,deaths,2020,3,1,624,2020-03-01,0.0
Mar 02,0,uk,deaths,2020,3,2,625,2020-03-02,0.0
Mar 03,0,uk,deaths,2020,3,3,626,2020-03-03,0.0
Mar 04,0,uk,deaths,2020,3,4,627,2020-03-04,0.0
Mar 05,1,uk,deaths,2020,3,5,628,2020-03-05,1.4804778929341186e-08
Mar 06,1,uk,deaths,2020,3,6,629,2020-03-06,1.4804778929341186e-08
Mar 07,1,uk,deaths,2020,3,7,630,2020-03-07,1.4804778929341186e-08
Mar 08,2,uk,deaths,2020,3,8,631,2020-03-08,2.9609557858682373e-08
Mar 09,3,uk,deaths,2020,3,9,632,2020-03-09,4.441433678802356e-08
Mar 10,7,uk,deaths,2020,3,10,633,2020-03-10,1.0363345250538831e-07
Mar 11,7,uk,deaths,2020,3,11,634,2020-03-11,1.0363345250538831e-07
Mar 12,9,uk,deaths,2020,3,12,635,2020-03-12,1.3324301036407068e-07
Mar 13,10,uk,deaths,2020,3,13,636,2020-03-13,1.4804778929341187e-07
Mar 14,28,uk,deaths,2020,3,14,637,2020-03-14,4.1453381002155323e-07
Mar 15,43,uk,deaths,2020,3,15,638,2020-03-15,6.36605493961671e-07
Mar 16,65,uk,deaths,2020,3,16,639,2020-03-16,9.62310630407177e-07
Mar 17,81,uk,deaths,2020,3,17,640,2020-03-17,1.199187093276636e-06
Mar 18,115,uk,deaths,2020,3,18,641,2020-03-18,1.7025495768742365e-06
Mar 19,158,uk,deaths,2020,3,19,642,2020-03-19,2.3391550708359074e-06
Mar 20,194,uk,deaths,2020,3,20,643,2020-03-20,2.8721271122921905e-06
Mar 21,250,uk,deaths,2020,3,21,644,2020-03-21,3.701194732335297e-06
Mar 22,285,uk,deaths,2020,3,22,645,2020-03-22,4.219361994862239e-06
Mar 23,359,uk,deaths,2020,3,23,646,2020-03-23,5.314915635633486e-06
Mar 24,508,uk,deaths,2020,3,24,647,2020-03-24,7.520827696105323e-06
Mar 25,694,uk,deaths,2020,3,25,648,2020-03-25,1.0274516576962784e-05
Mar 26,877,uk,deaths,2020,3,26,649,2020-03-26,1.298379112103222e-05
Mar 27,1161,uk,deaths,2020,3,27,650,2020-03-27,1.718834833696512e-05
Mar 28,1455,uk,deaths,2020,3,28,651,2020-03-28,2.1540953342191428e-05
Mar 29,1669,uk,deaths,2020,3,29,652,2020-03-29,2.470917603307044e-05
Mar 30,2043,uk,deaths,2020,3,30,653,2020-03-30,3.0246163352644045e-05
Mar 31,2425,uk,deaths,2020,3,31,654,2020-03-31,3.590158890365238e-05
Apr 01,3095,uk,deaths,2020,4,1,655,2020-04-01,4.582079078631098e-05
Apr 02,3747,uk,deaths,2020,4,2,656,2020-04-02,5.547350664824143e-05
Apr 03,4461,uk,deaths,2020,4,3,657,2020-04-03,6.604411880379103e-05
Apr 04,5221,uk,deaths,2020,4,4,658,2020-04-04,7.729575079009033e-05
Apr 05,5865,uk,deaths,2020,4,5,659,2020-04-05,8.683002842058607e-05
Apr 06,6433,uk,deaths,2020,4,6,660,2020-04-06,9.523914285245186e-05
Apr 07,7471,uk,deaths,2020,4,7,661,2020-04-07,0.00011060650338110801
Apr 08,8505,uk,deaths,2020,4,8,662,2020-04-08,0.0001259146447940468
Apr 09,9608,uk,deaths,2020,4,9,663,2020-04-09,0.00014224431595311014
Apr 10,10760,uk,deaths,2020,4,10,664,2020-04-10,0.00015929942127971118
Apr 11,11599,uk,deaths,2020,4,11,665,2020-04-11,0.00017172063080142844
Apr 12,12285,uk,deaths,2020,4,12,666,2020-04-12,0.0001818767091469565
Apr 13,13029,uk,deaths,2020,4,13,667,2020-04-13,0.00019289146467038634
Apr 14,14073,uk,deaths,2020,4,14,668,2020-04-14,0.00020834765387261851
Apr 15,14915,uk,deaths,2020,4,15,669,2020-04-15,0.0002208132777311238
Apr 16,15944,uk,deaths,2020,4,16,670,2020-04-16,0.00023604739524941588
Apr 17,16879,uk,deaths,2020,4,17,671,2020-04-17,0.0002498898635483499
Apr 18,17994,uk,deaths,2020,4,18,672,2020-04-18,0.0002663971920545653
Apr 19,18492,uk,deaths,2020,4,19,673,2020-04-19,0.00027376997196137726
Apr 20,19051,uk,deaths,2020,4,20,674,2020-04-20,0.00028204584338287897
Apr 21,20223,uk,deaths,2020,4,21,675,2020-04-21,0.00029939704428806683
Apr 22,21060,uk,deaths,2020,4,22,676,2020-04-22,0.0003117886442519254
Apr 23,21787,uk,deaths,2020,4,23,677,2020-04-23,0.00032255171853355646
Apr 24,22792,uk,deaths,2020,4,24,678,2020-04-24,0.0003374305213575443
Apr 25,23635,uk,deaths,2020,4,25,679,2020-04-25,0.00034991094999497894
Apr 26,24055,uk,deaths,2020,4,26,680,2020-04-26,0.00035612895714530224
Apr 27,24393,uk,deaths,2020,4,27,681,2020-04-27,0.0003611329724234196
Apr 28,25302,uk,deaths,2020,4,28,682,2020-04-28,0.00037459051647019073
Apr 29,26097,uk,deaths,2020,4,29,683,2020-04-29,0.00038636031571901694
Apr 30,26771,uk,deaths,2020,4,30,684,2020-04-30,0.0003963387367173929
May 01,27510,uk,deaths,2020,5,1,685,2020-05-01,0.00040727946834617605
May 02,28131,uk,deaths,2020,5,2,686,2020-05-02,0.0004164732360612969
May 03,28446,uk,deaths,2020,5,3,687,2020-05-03,0.0004211367414240394
May 04,28734,uk,deaths,2020,5,4,688,2020-05-04,0.00042540051775568965
May 05,29427,uk,deaths,2020,5,5,689,2020-05-05,0.00043566022955372313
May 06,30076,uk,deaths,2020,5,6,690,2020-05-06,0.00044526853107886553
May 07,30615,uk,deaths,2020,5,7,691,2020-05-07,0.0004532483069217804
May 08,31241,uk,deaths,2020,5,8,692,2020-05-08,0.00046251609853154805
May 09,31587,uk,deaths,2020,5,9,693,2020-05-09,0.0004676385520411001
May 10,31855,uk,deaths,2020,5,10,694,2020-05-10,0.0004716062327941635
May 11,32065,uk,deaths,2020,5,11,695,2020-05-11,0.00047471523636932517
